Model,Colour,Memory,RAM,Battery_,Rear Camera [MP],Front Camera [MP],AI Lens,Mobile Height,Processor_,Prize
23,159,64,4,6000,13,5,1,16.76,113,7299
23,20,64,4,6000,13,5,1,16.76,113,7299
37,149,128,8,5000,50,16,0,16.64,75,11999
69,201,32,2,5000,8,5,0,16.56,56,5649
12,130,128,8,5000,50,5,1,16.76,14,8999
12,88,128,8,5000,50,5,1,16.76,14,8999
12,151,128,8,5000,50,5,1,16.76,14,8999
12,65,128,8,5000,50,5,1,16.76,14,8999
12,65,64,4,5000,50,5,1,16.76,14,7999
12,151,64,4,5000,50,5,1,16.76,14,7999
83,210,64,4,6000,50,5,0,17.02,75,9499
12,88,64,4,5000,50,5,1,16.76,14,7999
23,71,64,4,6000,13,5,1,16.76,113,7299
112,267,128,4,6000,50,8,0,16.76,12,10699
111,169,64,4,5000,13,5,0,16.51,65,7299
70,201,64,4,5000,8,5,0,16.56,19,6999
12,130,64,4,5000,50,5,1,16.76,14,7999
70,186,64,4,5000,8,5,0,16.56,19,6999
69,48,32,2,5000,8,5,0,16.56,56,5649
40,46,64,4,5000,13,5,0,16.51,114,7299
172,14,128,8,5000,50,8,0,16.71,5,15999
172,131,128,8,5000,50,8,0,16.71,5,15999
172,90,128,8,5000,50,8,0,16.71,5,15999
172,131,128,6,5000,50,8,0,16.71,5,13999
172,90,128,4,5000,50,8,0,16.71,5,12999
172,90,128,6,5000,50,8,0,16.71,5,13999
172,131,128,4,5000,50,8,0,16.71,5,12999
172,131,128,6,5000,50,8,0,16.71,5,13999
27,94,64,2,5000,8,5,1,16.76,107,6199
90,25,32,3,5000,8,5,0,16.56,56,6599
90,119,32,3,5000,8,5,0,16.56,56,6599
71,186,64,4,5000,50,5,0,17.04,59,7749
90,120,32,3,5000,8,5,0,16.56,56,6599
71,40,64,4,5000,50,5,0,17.04,59,7749
71,81,64,4,5000,50,5,0,17.04,59,7749
71,40,128,6,5000,50,5,0,17.04,59,8999
112,161,64,4,6000,50,8,0,16.76,12,9699
112,161,128,4,6000,50,8,0,16.76,12,10699
44,133,128,4,5000,50,8,0,16.51,20,9999
75,40,64,4,5000,50,8,0,16.71,47,11999
42,68,64,4,5000,50,8,0,16.51,58,7999
83,35,128,6,6000,50,5,0,17.02,75,10999
111,111,64,4,5000,13,5,0,16.51,65,7299
37,207,128,8,5000,50,16,0,16.64,75,11999
83,249,64,4,6000,50,5,0,17.02,75,9499
112,247,128,4,6000,50,8,0,16.76,12,10699
42,6,64,4,5000,50,8,0,16.51,58,7999
44,117,128,4,5000,50,8,0,16.51,20,9999
42,6,64,4,5000,50,8,0,16.51,58,7999
71,186,128,6,5000,50,5,0,17.04,59,8999
171,264,128,8,4500,40,16,0,16.21,104,20999
171,162,128,8,4500,40,16,0,16.21,104,20999
39,84,128,6,5000,50,16,0,16.64,79,15499
69,201,32,2,5000,8,5,0,16.56,56,6999
171,162,128,6,4500,32,16,0,16.21,104,18999
171,264,128,6,4500,32,16,0,16.21,104,18999
78,273,64,4,5000,50,8,0,16.71,63,12499
39,148,128,6,5000,50,16,0,16.64,79,15499
75,186,64,4,5000,50,8,0,16.71,47,11999
112,267,64,4,6000,50,8,0,16.76,12,9699
112,247,64,4,6000,50,8,0,16.76,12,9699
78,186,64,4,5000,50,8,0,16.71,63,12499
40,50,64,4,5000,13,5,0,16.51,114,7299
151,205,128,4,5000,50,5,0,16.51,116,10499
151,3,128,4,5000,50,5,0,16.51,116,10499
113,86,128,6,6000,50,13,0,16.76,10,14490
50,146,128,8,5000,50,16,0,16.51,53,16999
151,160,128,4,5000,50,5,0,16.51,116,10499
147,24,32,3,5000,8,5,0,16.51,116,6499
147,114,32,3,5000,8,5,0,16.51,116,6499
147,64,32,2,5000,8,5,0,16.51,116,5999
147,64,32,3,5000,8,5,0,16.51,116,6499
81,272,128,6,5000,48,13,0,16.94,77,15999
90,119,32,2,5000,8,5,0,16.56,56,6299
76,273,128,8,5000,64,16,0,16.33,62,13999
39,148,128,8,5000,50,16,0,41.94,79,16499
69,201,32,3,5000,8,5,0,16.56,56,6299
78,104,128,6,5000,50,8,0,16.71,63,14499
86,79,64,4,5000,50,8,0,16.71,22,9999
153,252,128,8,5000,64,8,0,17.07,21,13999
153,199,128,8,5000,64,8,0,17.07,21,13999
153,252,64,6,5000,64,8,0,17.07,21,11999
153,198,128,8,5000,64,8,0,17.07,21,13999
153,199,64,6,5000,64,8,0,17.07,21,11999
153,198,64,6,5000,64,8,0,17.07,21,11999
153,252,64,4,5000,64,8,0,17.07,21,10999
153,198,64,4,5000,64,8,0,17.07,21,10999
153,199,64,4,5000,64,8,0,17.07,21,10999
39,84,128,8,5000,50,16,0,41.94,79,16499
113,22,128,6,6000,50,13,0,16.76,10,14490
113,22,128,4,6000,50,13,0,16.76,10,13490
113,22,128,4,6000,50,13,0,16.76,10,13490
83,35,64,4,6000,50,5,0,17.02,75,9499
86,180,64,4,5000,50,8,0,16.71,22,9999
50,124,128,8,5000,50,16,0,16.51,53,16999
78,104,64,4,5000,50,8,0,16.71,63,12499
135,58,128,8,5000,108,16,0,17.07,79,19999
135,156,128,6,5000,108,16,0,17.07,79,18999
53,156,128,6,800,0,0,0,4.5,99,1449
78,186,128,6,5000,50,8,0,16.71,63,14499
78,273,128,6,5000,50,8,0,16.71,63,14499
77,273,128,8,5000,50,16,0,16.76,49,15999
135,100,128,8,5000,108,16,0,17.07,79,19999
135,58,128,6,5000,108,16,0,17.07,79,18999
135,156,128,8,5000,108,16,0,17.07,79,19999
135,100,128,6,5000,108,16,0,17.07,79,18999
69,48,32,3,5000,8,5,0,16.56,56,6299
157,27,128,8,5000,48,16,0,16.51,29,15999
130,27,128,8,1900,2,0,0,7.11,99,1849
22,80,128,8,5000,108,16,0,17.02,50,15999
22,218,128,8,5000,108,16,0,17.02,50,15999
81,253,128,6,5000,48,13,0,16.94,77,15999
113,86,128,4,6000,50,13,0,16.76,10,13490
114,3,128,6,5000,50,8,0,16.76,83,16999
83,175,128,6,6000,50,5,0,17.02,75,10999
113,164,128,4,6000,50,13,0,16.76,10,13490
128,164,128,4,1000,0,0,0,4.5,99,1422
36,67,256,8,4400,50,32,0,16.64,6,29999
129,67,256,8,800,0,0,0,4.5,99,1299
75,273,64,4,5000,50,8,0,16.71,47,11999
75,273,128,6,5000,50,8,0,16.71,47,13999
83,145,64,4,6000,50,5,0,17.02,75,9499
27,106,64,2,5000,8,5,1,16.76,107,6199
27,212,64,2,5000,8,5,1,16.76,107,6199
27,112,64,2,5000,8,5,1,16.76,107,6199
156,197,128,6,5000,48,16,0,16.51,41,12499
17,2,64,4,5000,50,8,0,17.02,59,9999
81,113,256,8,5000,48,13,0,16.94,77,17999
134,202,64,4,5000,50,16,0,16.26,64,12499
138,222,64,4,5000,50,16,0,16.76,42,11499
113,164,128,6,6000,50,13,0,16.76,10,14490
90,120,32,2,5000,8,5,0,16.56,56,6299
113,164,128,6,6000,50,13,0,16.76,10,14490
52,164,128,4,1020,2,0,0,6.1,27,2615
156,196,128,6,5000,48,16,0,16.51,41,12499
3,36,128,6,4410,12,8,0,15.6,15,28999
3,37,128,6,4410,12,8,0,15.6,15,28999
90,25,32,2,5000,8,5,0,16.56,56,6299
10,28,64,4,5000,50,8,1,16.76,7,11499
17,139,64,4,5000,50,8,0,17.02,59,9999
154,238,128,8,5000,50,16,0,16.81,95,23999
154,176,128,8,5000,50,16,0,16.81,95,23999
134,39,64,4,5000,50,16,0,16.26,64,12499
97,248,64,6,5000,50,13,0,16.94,103,14999
10,223,64,4,5000,50,8,1,16.76,7,11499
98,85,128,6,5000,48,13,0,16.94,73,18999
98,132,128,6,5000,48,13,0,16.94,73,18999
98,154,128,6,5000,48,13,0,16.94,73,18999
17,80,64,4,5000,50,8,0,17.02,59,9999
98,132,128,4,5000,48,13,0,16.94,73,16999
98,154,128,4,5000,48,13,0,16.94,73,16999
10,195,64,4,5000,50,8,1,16.76,7,11499
131,195,64,4,800,2,0,0,5.08,0,2490
115,56,64,4,5000,13,5,0,16.51,43,7961
36,157,256,8,4400,50,32,0,16.64,6,29999
130,157,256,8,800,0,0,0,4.5,99,1299
131,157,256,4,1020,2,0,0,6.1,27,2499
86,79,128,6,5000,50,8,0,16.71,22,11999
86,180,128,6,5000,50,8,0,16.71,22,11999
91,237,256,8,5080,64,16,0,16.76,8,23999
43,34,64,4,5000,48,8,0,16.51,109,8999
88,44,128,6,5000,13,5,0,16.59,57,9499
97,101,64,6,5000,50,13,0,16.94,103,14999
114,43,128,6,5000,50,8,0,16.76,83,16999
47,11,64,4,5000,50,16,0,16.43,75,11248
146,269,128,4,6000,13,8,0,16.51,39,9999
82,99,256,8,5000,108,16,0,16.94,84,23999
138,224,128,6,5000,50,16,0,16.76,42,17999
134,39,128,8,5000,50,16,0,16.26,64,15499
40,46,64,2,5000,13,5,0,16.51,114,6799
114,81,128,6,5000,50,8,0,16.76,83,16999
74,273,128,6,5000,48,8,0,16.51,28,14499
26,80,32,2,5000,8,5,0,16.76,56,5999
26,4,32,2,5000,8,5,0,16.76,56,5999
26,172,32,2,5000,8,5,0,16.76,56,5999
82,8,256,8,5000,108,16,0,16.94,84,23999
98,85,128,4,5000,48,13,0,16.94,73,16999
97,126,64,6,5000,50,13,0,16.94,103,14999
16,28,128,6,5000,50,8,1,16.76,7,13499
149,57,64,4,5000,13,5,0,16.56,116,8749
149,122,32,3,5000,13,5,0,16.56,116,8049
128,122,32,3,2550,0,0,0,4.5,99,1375
132,122,32,3,800,0,0,0,4.5,99,1599
56,114,64,4,5000,50,5,0,16.66,57,12499
140,21,128,8,5000,48,16,0,16.76,84,17999
140,234,128,8,5000,48,16,0,16.76,84,17999
143,221,128,6,5000,50,8,0,16.76,50,16999
143,200,64,4,5000,50,8,0,16.76,50,14999
76,40,128,8,5000,64,16,0,16.33,62,13999
151,205,64,4,5000,50,5,0,16.51,116,9999
151,3,64,4,5000,50,5,0,16.51,116,9999
151,160,64,4,5000,50,5,0,16.51,116,9999
149,57,32,3,5000,13,5,0,16.56,116,8049
130,57,32,4,1020,2,0,0,6.1,27,2499
16,223,128,6,5000,50,8,1,16.76,7,13499
143,138,128,6,5000,50,8,0,16.76,50,16999
143,200,128,6,5000,50,8,0,16.76,50,16999
143,221,64,4,5000,50,8,0,16.76,50,14999
145,51,32,3,5000,13,5,0,16.51,115,7499
162,56,32,3,5000,8,5,0,16.51,117,7245
81,272,256,8,5000,48,13,0,16.94,77,17999
99,228,256,8,5000,50,16,0,16.94,44,26999
99,228,128,6,5000,50,16,0,16.94,44,23999
149,122,64,4,5000,13,5,0,16.56,116,8749
82,99,128,6,5000,108,16,0,16.94,84,21999
29,244,128,8,5000,50,16,0,17.22,52,15999
80,273,128,6,5000,64,16,0,16.94,79,17499
51,143,128,8,5000,50,16,0,16.76,79,21499
143,138,64,4,5000,50,8,0,16.76,50,14999
100,103,256,8,4980,200,16,0,16.94,44,29999
169,147,128,8,5000,50,16,0,16.36,75,17999
169,102,128,8,5000,50,16,0,16.36,75,17999
169,236,128,6,5000,50,16,0,16.36,75,15999
169,147,128,4,5000,50,16,0,16.36,75,14499
169,102,128,6,5000,50,16,0,16.36,75,15999
51,271,128,8,5000,50,16,0,16.76,79,21499
46,23,128,6,5000,50,13,0,16.26,59,12999
100,166,256,8,4980,200,16,0,16.94,44,29999
165,150,32,3,5000,8,5,0,16.51,119,7115
40,15,64,2,5000,13,5,0,16.51,114,6799
99,88,128,6,5000,50,16,0,16.94,44,23999
169,236,128,4,5000,50,16,0,16.36,75,14499
117,181,128,8,4500,50,10,0,16.76,88,49999
29,179,128,8,5000,50,16,0,17.22,52,15999
82,273,256,8,5000,108,16,0,16.94,84,23999
176,163,128,8,4600,50,50,0,17.22,48,32999
158,226,64,4,5000,50,16,0,16.76,62,12999
11,75,64,4,6000,13,8,1,17.32,31,8499
11,15,64,4,6000,13,8,1,17.32,31,8499
11,125,64,4,6000,13,8,1,17.32,31,8499
11,195,64,4,6000,13,8,1,17.32,31,8499
158,226,128,6,5000,50,16,0,16.76,62,12999
81,253,256,8,5000,48,13,0,16.94,77,17999
48,38,128,6,5000,50,16,0,16.76,75,13999
169,236,128,8,5000,50,16,0,16.36,75,17999
169,147,128,6,5000,50,16,0,16.36,75,15999
158,225,128,6,5000,50,16,0,16.76,62,12999
58,29,64,3,5000,8,5,0,16.66,65,9499
99,228,128,8,5000,50,16,0,16.94,44,25999
176,129,128,8,4600,50,50,0,17.22,48,32999
146,268,128,4,6000,13,8,0,16.51,39,10999
29,45,128,8,5000,50,16,0,17.22,52,15999
73,219,256,8,5000,64,16,0,16.94,80,29999
166,128,16,2,5000,13,5,0,15.46,68,4999
166,128,16,8,1200,2,0,0,6.1,24,3549
168,128,16,4,1000,0,0,0,4.5,26,1699
167,128,16,4,1000,0,0,0,4.57,106,920
167,128,16,4,1000,0,0,0,4.57,106,920
83,145,128,6,6000,50,5,0,17.02,75,10999
56,114,64,4,5000,50,5,0,16.66,57,11970
128,114,64,4,1500,0,0,0,6.1,66,1199
97,248,128,6,5000,50,13,0,16.94,103,16999
86,183,128,6,5000,50,8,0,16.71,22,11999
99,168,128,8,5000,50,16,0,16.94,44,25999
53,213,32,3,5000,8,5,0,16.56,115,5999
100,7,256,8,4980,200,16,0,16.94,44,29999
97,126,128,6,5000,50,13,0,16.94,103,16999
56,245,64,4,5000,50,5,0,16.66,57,12499
56,145,64,4,5000,50,5,0,16.66,57,12499
82,273,128,6,5000,108,16,0,16.94,84,21999
141,15,256,8,4500,50,16,0,16.26,52,21999
141,145,256,8,4500,50,16,0,16.26,52,21999
86,183,64,4,5000,50,8,0,16.71,22,9999
99,88,256,8,5000,50,16,0,16.94,44,26999
99,168,128,6,5000,50,16,0,16.94,44,23999
97,101,128,6,5000,50,13,0,16.94,103,16999
156,197,64,4,5000,48,16,0,16.51,41,13499
82,8,128,6,5000,108,16,0,16.94,84,21999
14,73,64,4,6000,50,8,1,17.32,67,8999
14,184,64,4,6000,50,8,1,17.32,67,8999
14,0,64,4,6000,50,8,1,17.32,67,8999
14,259,64,4,6000,50,8,1,17.32,67,8999
100,103,256,4,4980,200,16,0,16.94,44,32999
37,149,64,4,5000,50,16,0,16.64,75,10999
49,142,128,6,5000,108,16,0,16.64,63,16999
53,31,32,3,5000,8,5,0,16.56,115,5999
179,66,128,4,5000,13,5,0,16.54,65,12990
36,127,256,8,4400,50,32,0,16.64,6,29999
80,273,64,6,5000,64,16,0,16.94,79,16499
73,33,256,8,5000,64,16,0,16.94,80,29999
141,246,256,8,4500,50,16,0,16.26,52,21999
161,33,32,2,5000,8,5,0,16.51,100,6978
161,150,32,2,5000,8,5,0,16.51,100,7370
100,7,256,2,4980,200,16,0,16.94,44,32999
40,50,64,2,5000,13,5,0,16.51,114,6799
114,81,128,4,5000,50,8,0,16.76,83,15999
119,181,128,8,3300,12,10,0,17.02,97,44999
77,40,128,6,5000,50,16,0,16.76,49,16999
47,11,64,4,5000,50,16,0,16.43,75,13999
75,40,128,6,5000,50,8,0,16.71,47,13999
150,160,32,3,5000,50,5,0,16.51,116,8999
150,3,32,3,5000,50,5,0,16.51,116,8999
162,56,64,4,5000,8,5,0,16.51,117,8995
28,95,128,8,4500,108,60,0,17.02,55,15999
28,54,128,8,4500,108,60,0,17.02,55,15999
137,191,128,4,5000,64,16,0,16.26,41,13499
150,160,64,4,5000,50,5,0,16.51,116,9999
150,205,64,4,5000,50,5,0,16.51,116,9999
150,3,64,4,5000,50,5,0,16.51,116,9999
137,53,128,8,5000,64,16,0,16.26,41,15499
183,60,128,8,5000,50,16,0,16.71,75,16999
183,1,128,8,5000,50,16,0,16.71,75,16999
33,15,128,8,4020,50,32,0,16.64,86,24999
49,185,128,6,5000,108,16,0,16.64,63,16999
48,38,64,4,5000,50,16,0,16.76,75,11249
34,47,128,8,4400,50,32,0,16.64,96,34999
91,194,128,6,5080,64,16,0,16.76,8,21174
19,80,64,4,5000,50,16,1,17.02,40,10999
5,209,128,8,4300,64,13,0,15.49,108,43999
5,37,128,8,4300,64,13,0,15.49,108,43999
124,105,64,4,5000,13,8,0,16.76,36,7993
124,216,64,4,5000,13,8,0,16.76,36,8069
33,141,128,8,4020,50,32,0,16.64,86,24999
64,248,128,8,4800,108,32,0,17.02,77,29999
106,59,64,4,5000,50,13,0,16.76,101,16499
44,133,64,4,5000,50,8,0,16.51,20,9499
99,88,128,8,5000,50,16,0,16.94,44,25999
73,69,256,8,5000,64,16,0,16.94,80,29999
106,25,128,6,5000,50,13,0,16.76,101,18999
64,145,128,8,4800,108,32,0,17.02,77,29999
106,120,128,6,5000,50,13,0,16.76,101,18999
19,80,128,6,5000,50,16,1,17.02,40,12999
114,3,128,4,5000,50,8,0,16.76,83,15999
68,211,64,4,5000,13,5,0,16.59,35,8999
83,175,64,4,6000,50,5,0,17.02,75,9499
79,12,64,6,4500,64,20,0,16.94,82,17999
73,219,256,6,5000,64,16,0,16.94,80,32999
5,217,128,8,4300,64,13,0,15.49,108,43999
133,270,128,8,4500,50,16,0,16.64,87,30499
3,274,128,8,4500,50,16,0,16.64,87,30999
7,78,64,4,5000,13,8,0,16.51,68,7999
37,207,64,4,5000,50,16,0,16.64,75,10999
125,259,64,4,5000,50,8,0,16.76,35,9290
77,273,64,4,5000,50,16,0,16.76,49,14999
125,109,64,4,5000,50,8,0,16.76,35,8449
30,179,256,8,5000,50,16,0,17.22,44,17999
125,256,64,4,5000,50,8,0,16.76,35,8495
30,244,256,8,5000,50,16,0,17.22,44,17999
6,29,64,4,5000,13,8,0,16.51,68,7999
179,241,64,4,5000,13,5,0,16.54,65,11999
179,66,64,3,5000,13,5,0,16.54,65,10499
179,241,128,4,5000,13,5,0,16.54,65,12999
133,25,128,8,4500,50,16,0,16.64,87,29499
91,237,128,6,5080,64,16,0,16.76,8,20998
125,259,64,4,5000,50,8,0,16.76,35,9290
91,194,256,8,5080,64,16,0,16.76,8,23999
61,91,128,8,5000,13,5,0,16.66,3,19280
125,10,64,4,5000,50,8,0,16.76,35,8649
30,45,256,8,5000,50,16,0,17.22,44,17999
179,241,64,3,5000,13,5,0,16.54,65,10999
80,115,128,8,5000,64,16,0,16.94,79,19499
161,33,64,4,5000,8,5,0,16.51,100,9349
80,115,128,8,5000,64,16,0,16.94,79,19499
126,72,64,4,5000,13,5,0,16.66,1,8288
84,9,64,4,6000,50,13,0,16.51,21,12272
126,72,32,3,5000,13,5,0,16.66,1,6794
108,119,128,6,5000,50,8,0,16.76,78,21999
106,59,128,6,5000,50,13,0,16.76,101,18999
100,166,256,4,4980,200,16,0,16.94,44,32999
152,91,64,4,5000,50,8,0,16.76,120,9699
152,91,128,4,5000,50,8,0,16.76,120,10699
45,46,64,4,5000,50,16,0,16.51,58,10999
127,265,32,2,5000,8,5,0,16.76,110,5999
179,66,64,4,5000,13,5,0,16.54,65,11999
173,227,256,4,4200,64,50,0,16.36,52,27540
67,93,128,8,4500,50,32,0,17.02,71,27877
108,170,128,6,5000,50,8,0,16.76,78,21999
127,206,32,2,5000,8,5,0,16.76,110,5990
127,61,32,2,5000,8,5,0,16.76,110,5999
91,182,128,6,5080,64,16,0,16.76,8,21499
77,40,128,8,5000,50,16,0,16.76,49,15999
38,136,64,4,5000,50,16,0,16.43,75,11980
25,235,64,2,5000,8,5,0,16.76,56,6999
25,98,64,2,5000,8,5,0,16.76,56,6999
25,121,64,2,5000,8,5,0,16.76,56,6999
25,184,64,2,5000,8,5,0,16.76,56,6999
136,156,128,8,5000,108,16,0,17.02,45,23999
142,190,64,4,5000,50,16,0,16.76,76,11999
142,189,128,4,5000,50,16,0,16.76,76,13499
106,120,64,4,5000,50,13,0,16.76,101,16499
109,16,256,8,5000,48,13,0,16.76,4,32999
163,188,64,4,5000,64,8,0,17.07,60,11349
109,18,128,8,5000,48,13,0,16.76,4,30999
58,155,64,3,5000,8,5,0,16.66,65,9499
57,155,64,3,5000,8,5,0,16.66,57,9790
58,92,64,3,5000,8,5,0,16.66,65,9499
67,110,128,8,4500,50,32,0,17.02,71,28298
136,58,128,8,5000,108,16,0,17.02,45,23999
136,100,128,8,5000,108,16,0,17.02,45,23999
136,156,128,6,5000,108,16,0,17.02,45,22999
136,100,128,6,5000,108,16,0,17.02,45,22999
136,58,128,6,5000,108,16,0,17.02,45,22999
76,186,128,8,5000,64,16,0,16.33,62,13999
121,101,32,3,6000,8,5,0,16.56,17,7049
121,63,32,3,6000,8,5,0,16.56,17,6960
115,56,128,4,5000,13,5,0,16.51,43,9104
176,129,256,4,4600,50,50,0,17.22,48,36999
88,33,128,6,5000,13,5,0,16.59,57,9499
60,250,128,8,5000,50,8,0,16.66,75,16499
148,243,32,2,5000,8,5,0,16.51,112,6999
35,107,256,4,4610,200,60,0,16.94,90,49999
108,213,128,6,5000,50,8,0,16.76,78,21999
106,59,128,8,5000,50,13,0,16.76,101,20999
109,16,128,8,5000,48,13,0,16.76,4,30999
8,82,128,8,5000,64,16,0,17.22,105,30385
184,26,128,8,5000,50,16,0,16.71,47,19999
20,218,64,6,5000,50,16,1,17.02,50,14999
9,195,64,4,6000,13,8,0,17.32,115,8999
73,69,256,4,5000,64,16,0,16.94,80,32999
186,55,128,8,4050,50,44,0,16.36,54,19990
148,242,32,2,5000,8,5,0,16.51,112,6999
80,116,128,8,5000,64,16,0,16.94,79,19499
160,78,128,4,5000,50,8,0,16.76,116,12900
106,25,64,4,5000,50,13,0,16.76,101,16499
124,216,64,3,5000,13,8,0,16.76,36,8990
155,74,64,4,5000,50,8,0,16.76,116,10943
4,217,128,8,4270,50,8,0,16,16,55999
4,165,128,8,4270,50,8,0,16,16,55999
72,239,64,6,4000,12,20,0,15.7,91,13489
34,220,128,8,4400,50,32,0,16.64,96,34999
73,33,256,8,5000,64,16,0,16.94,80,32999
178,181,64,3,5000,13,8,0,16.54,74,11209
99,168,256,8,5000,50,16,0,16.94,44,26999
148,242,64,4,5000,8,5,0,16.51,112,8499
148,242,64,4,5000,8,5,0,16.51,112,8499
106,25,128,8,5000,50,13,0,16.76,101,20999
4,118,128,8,4270,50,8,0,16,16,55999
107,25,128,6,5000,50,8,0,16.76,70,17499
184,171,128,8,5000,50,16,0,16.71,47,19999
184,26,128,4,5000,50,16,0,16.71,47,17999
159,173,64,4,6000,50,8,0,16.51,39,11499
186,153,128,8,4050,50,44,0,16.36,54,16988
179,240,128,4,5000,13,5,0,16.54,65,12989
48,137,128,6,5000,50,16,0,16.76,75,13999
177,175,128,8,4500,64,16,0,16.21,51,23999
102,44,32,2,5000,13,5,0,16.59,18,7190
102,44,32,3,5000,13,5,0,16.59,18,7990
177,175,128,8,4500,64,16,0,16.21,51,23999
106,120,128,8,5000,50,13,0,16.76,101,20999
94,99,64,4,5000,50,13,0,16.33,102,12990
174,70,128,8,4500,64,50,0,16.36,51,27999
109,19,256,8,5000,48,13,0,16.76,4,32999
20,80,64,6,5000,50,16,1,17.02,50,14999
47,136,64,4,5000,50,16,0,16.43,75,13999
109,19,128,8,5000,48,13,0,16.76,4,30999
116,167,128,8,4500,12,32,0,16.26,122,32999
96,229,128,8,5000,50,16,0,16.76,49,19397
174,255,128,8,4500,64,50,0,16.36,51,27999
179,241,32,3,5000,13,5,0,16.54,65,10989
179,66,32,3,5000,13,5,0,16.54,65,10989
164,88,256,3,4200,64,16,0,16.69,92,17999
62,250,128,8,4500,64,32,0,16.33,75,20999
95,222,128,6,5000,108,16,0,16.33,49,16990
9,99,64,4,6000,13,8,0,17.32,115,8999
173,227,128,8,4200,64,16,0,16.36,52,29990
65,108,256,8,4300,48,32,0,16.64,94,38920
180,13,32,3,4030,13,5,0,15.8,43,9387
65,87,128,6,4300,48,16,0,16.64,94,29790
66,30,128,8,4115,48,13,0,16.36,98,24999
60,233,128,8,5000,50,8,0,16.66,75,16499
54,96,16,2,3000,5,2,0,13.84,111,5799
76,186,128,6,5000,64,16,0,16.33,62,16499
85,203,128,6,5000,13,5,0,16.59,18,10890
85,32,128,6,5000,13,5,0,16.59,18,10548
154,238,256,2,5000,50,16,0,16.81,95,32299
110,16,256,8,5000,50,32,0,16.26,11,40999
54,29,32,2,3000,5,2,0,13.84,111,6299
182,151,128,8,5000,50,16,0,16.71,38,16990
184,171,128,4,5000,50,16,0,16.71,47,17999
163,187,64,4,5000,64,8,0,17.07,40,11490
160,77,128,4,5000,50,8,0,16.76,40,12599
93,83,128,6,5000,64,13,0,16.33,61,16499
164,7,256,6,4200,64,32,0,16.69,93,17999
173,251,128,8,4200,64,16,0,16.36,52,31989
0,25,64,8,3110,12,12,0,15.49,121,41199
170,257,128,8,4700,64,16,0,16.36,85,24999
170,258,128,6,4700,64,16,0,16.36,85,23999
24,145,32,2,5000,8,8,0,16.56,32,7199
114,43,128,4,5000,50,8,0,16.76,83,15999
68,201,64,4,5000,13,5,0,16.59,30,8999
68,201,64,4,5000,13,5,0,16.59,30,8999
41,68,64,4,5000,16,8,0,16.51,58,8940
170,258,128,8,4700,64,16,0,16.36,84,24999
126,263,64,4,5000,13,5,0,16.66,33,8288
68,201,32,3,5000,13,5,0,16.59,35,8499
15,97,64,6,5000,50,8,0,16.76,118,9999
107,177,128,6,5000,50,8,0,16.76,70,17499
89,145,64,4,5000,13,5,0,16.59,34,8999
101,208,128,6,5020,48,13,0,16.59,39,14999
35,232,256,6,4610,200,60,0,16.94,90,49999
185,171,128,8,5000,50,16,0,16.71,25,19979
120,62,128,6,5000,108,32,0,17.02,51,23390
92,89,128,6,5020,48,16,0,16.94,81,14385
2,144,128,6,4323,12,12,0,17.02,23,80999
175,192,256,6,4830,64,32,0,16.66,46,30874
15,123,128,8,5000,108,8,0,16.76,118,12999
175,204,128,8,4830,64,32,0,16.66,46,35999
13,71,64,4,5200,13,8,0,16.76,37,9999
13,214,64,4,5200,13,8,0,16.76,37,9999
21,260,256,8,5000,108,16,1,17.02,63,16999
21,266,256,8,5000,108,16,1,17.02,63,16999
170,257,128,6,4700,64,16,0,16.36,85,23999
122,68,128,6,7000,50,8,0,17.53,40,13999
87,201,128,6,5000,50,5,0,17.04,39,10799
31,76,32,3,5000,13,8,0,16.55,35,7999
15,123,64,6,5000,50,8,0,16.76,118,9999
15,195,64,6,5000,50,8,0,16.76,118,9999
15,69,64,6,5000,50,8,0,16.76,118,9999
159,174,128,4,6000,50,8,0,16.51,39,11762
96,5,128,6,5000,50,16,0,16.76,49,18990
96,134,128,8,5000,50,16,0,16.76,49,18999
18,152,128,8,5000,50,16,0,17.65,42,15999
174,70,256,8,4500,64,50,0,16.36,51,29418
175,204,256,8,4830,64,32,0,16.66,46,33367
46,142,64,4,5000,50,13,0,16.26,59,11999
110,19,256,8,5000,50,32,0,16.26,11,40999
144,41,32,2,5000,8,5,0,16.51,69,7499
181,178,128,4,5000,50,8,0,16.71,75,15499
91,182,256,8,5080,64,16,0,16.76,8,29990
126,158,32,3,5000,13,5,0,16.66,33,7280
2,193,128,3,4323,12,12,0,17.02,2,80999
126,262,64,4,5000,13,5,0,16.66,56,8999
8,82,256,4,5000,64,16,0,17.22,9,34688
139,140,64,4,5000,48,16,0,16.51,49,13499
139,254,64,4,5000,48,16,0,16.51,49,13499
2,230,128,4,4323,12,12,0,17.02,121,80999
177,135,128,8,4500,64,16,0,16.21,51,23999
177,261,128,8,4500,64,16,0,16.21,51,23999
107,29,128,6,5000,50,8,0,16.76,70,17499
162,150,64,4,5000,8,5,0,16.51,117,8460
103,42,128,4,5000,50,5,0,16.51,65,12999
63,231,128,8,4500,64,16,0,16.33,72,20890
1,29,64,8,2815,12,12,0,15.49,121,53999
105,177,128,6,5000,50,8,0,16.76,13,16499
55,96,64,4,5000,50,8,0,16.55,68,9790
104,119,64,3,5000,13,5,0,16.51,65,9999
118,49,256,8,3900,50,12,0,15.49,89,79999
32,52,32,2,3100,5,2,0,12.7,68,5998
123,259,64,4,5000,50,8,0,16.76,35,9990
110,17,128,8,5000,50,32,0,16.26,11,38999
59,215,128,4,5000,50,8,0,16.66,57,15999
